Rk,Player,Age,Team,Pos,GP,G,A,PTS,SOG▼,-9999
1,Nathan MacKinnon,29,COL,C,79,32,84,116,320,mackina01
2,David Pastrňák,28,BOS,RW,82,43,63,106,319,pastrda01
3,Zach Werenski,27,CBJ,D,81,23,59,82,298,werenza01
4,Brady Tkachuk,25,OTT,LW,72,29,26,55,296,tkachbr01
5,Filip Forsberg,30,NSH,C,82,31,45,76,281,forsbfi01
6,Nazem Kadri,34,CGY,C,82,35,32,67,279,kadrina01
7,Matt Boldy,23,MIN,LW,82,27,46,73,271,boldyma01
8,Kyle Connor,28,WPG,LW,82,41,56,97,267,connoky01
9,Nikita Kucherov,31,TBL,RW,78,37,84,121,265,kucheni01
10,Auston Matthews,27,TOR,C,67,33,45,78,261,matthau01
11,Pavel Dorofeyev,24,VEG,LW,82,35,17,52,254,dorofpa01
12,William Nylander,28,TOR,C,82,45,39,84,253,nylanwi01
13,Cale Makar,26,COL,D,80,30,62,92,246,makarca01
14,Alex DeBrincat,27,DET,RW,82,39,31,70,244,debrial01
15,Kevin Fiala,28,LAK,LW,81,35,25,60,244,fialake01
16,Bo Horvat,29,NYI,C,81,28,29,57,243,horvabo01
17,Tage Thompson,27,BUF,C,76,44,28,72,242,thompta01
18,Carter Verhaeghe,29,FLA,C,81,20,33,53,241,verhaca01
19,Sam Bennett,28,FLA,C,76,25,26,51,241,bennesa01
20,Leon Draisaitl,29,EDM,C,71,52,54,106,240,draisle01
21,Cole Caufield,24,MTL,RW,82,37,33,70,239,caufico01
22,Jordan Kyrou,26,STL,C,82,36,34,70,239,kyroujo01
23,Timo Meier,28,NJD,RW,80,26,27,53,238,meierti01
24,Artemi Panarin,33,NYR,LW,80,37,52,89,237,panarar01
25,Adrian Kempe,28,LAK,LW,81,35,38,73,237,kempead01
26,Alex Ovechkin,39,WSH,LW,65,44,29,73,237,ovechal01
27,Macklin Celebrini,18,SJS,F,70,25,38,63,236,celebma01
28,Evan Bouchard,25,EDM,D,82,14,53,67,235,bouchev01
29,Dylan Larkin,28,DET,C,82,30,40,70,234,larkidy01
30,Frank Vatrano,30,ANA,LW,81,21,24,45,234,vatrafr01
31,Jack Eichel,28,VEG,C,77,28,66,94,233,eicheja01
32,Anders Lee,34,NYI,LW,82,29,25,54,233,leean01
33,Tyler Toffoli,32,SJS,C,78,30,24,54,233,toffoty01
34,Brandon Montour,30,SEA,D,81,18,23,41,231,montobr01
35,Jack Hughes,23,NJD,C,62,27,43,70,229,hugheja03
36,Brandon Hagel,26,TBL,LW,82,35,55,90,228,hagelbr01
37,Sidney Crosby,37,PIT,C,80,33,58,91,227,crosbsi01
38,Clayton Keller,26,UTA,C,81,30,60,90,218,kellecl01
39,Jake Guentzel,30,TBL,C,80,41,39,80,217,guentja01
40,Sam Reinhart,29,FLA,C,79,39,42,81,213,reinhsa01
41,Mikko Rantanen,28,3TM,RW,82,32,56,88,212,rantami01
42,Jason Robertson,25,DAL,LW,82,35,45,80,211,roberja01
43,Zach Hyman,32,EDM,LW,73,27,17,44,210,hymanza01
44,Sebastian Aho,27,CAR,F,79,29,45,74,207,ahose01
45,Kirill Marchenko,24,CBJ,RW,79,31,43,74,207,marchki01
46,Jonathan Marchessault,34,NSH,C,78,21,35,56,206,audymjo01
47,Seth Jarvis,22,CAR,C,73,32,35,67,204,jarvise01
48,Dylan Guenther,21,UTA,RW,70,27,33,60,204,guentdy01
49,Rickard Rakell,31,PIT,RW,81,35,35,70,203,rakelri01
50,Wyatt Johnston,21,DAL,C,82,33,38,71,202,johnswy01
51,Jared McCann,28,SEA,C,82,22,39,61,202,mccanja01
52,Vincent Trocheck,31,NYR,C,82,26,33,59,202,trochvi01
53,John Tavares,34,TOR,C,75,38,36,74,200,tavarjo01
54,Rasmus Dahlin,24,BUF,D,73,17,51,68,200,dahlira01
55,Matvei Michkov,20,PHI,RW,80,26,37,63,200,michkma01
56,Warren Foegele,28,LAK,LW,82,24,22,46,199,foegewa01
57,Connor McDavid,28,EDM,C,67,26,74,100,196,mcdavco01
58,Alex Tuch,28,BUF,RW,82,36,31,67,196,tuchal01
59,Noah Dobson,25,NYI,D,71,10,29,39,196,dobsono01
60,Connor Bedard,19,CHI,C,82,23,44,67,195,bedarco01
61,Jake Sanderson,22,OTT,D,80,11,46,57,195,sandeja01
62,Gustav Forsling,28,FLA,D,80,11,20,31,195,forslgu02
63,Martin Nečas,26,2TM,C,79,27,56,83,194,necasma01
64,Brad Marchand,36,2TM,LW,71,23,28,51,194,marchbr03
65,Jaden Schwartz,32,SEA,C,81,26,23,49,194,schwaja01
66,Blake Coleman,33,CGY,C,82,15,24,39,194,colembl01
67,Logan Stankoven,21,2TM,C,78,14,24,38,194,stanklo01
68,Brock Nelson,33,2TM,C,80,26,30,56,193,nelsobr01
69,Alex Laferriere,23,LAK,RW,77,19,23,42,193,laferal01
70,Lucas Raymond,22,DET,LW,82,27,53,80,192,raymolu01
71,Quinn Hughes,25,VAN,D,68,16,60,76,192,hughequ01
72,Drake Batherson,26,OTT,C,82,26,42,68,192,bathedr01
73,Adam Fantilli,20,CBJ,C,82,31,23,54,191,fantiad01
74,Erik Karlsson,34,PIT,D,82,11,42,53,191,karlser01
75,Bryan Rust,32,PIT,RW,71,31,34,65,190,rustbr01
76,Cutter Gauthier,21,ANA,LW,82,20,24,44,190,gauthcu01
77,Brayden Point,28,TBL,C,77,42,40,82,189,pointbr01
78,Travis Konecny,27,PHI,RW,82,24,52,76,188,konectr01
79,Troy Terry,27,ANA,C,77,21,34,55,188,terrytr01
80,Dylan Cozens,23,2TM,C,82,16,31,47,188,cozendy01
81,Owen Tippett,25,PHI,RW,77,20,23,43,188,tippeow01
82,Darnell Nurse,29,EDM,D,76,5,28,33,188,nurseda01
83,Nico Hischier,26,NJD,C,75,35,34,69,187,hischni01
84,Nick Schmaltz,28,UTA,C,82,20,43,63,186,schmani01
85,Dougie Hamilton,31,NJD,D,64,9,31,40,186,hamildo01
86,MacKenzie Weegar,31,CGY,D,81,8,39,47,184,weegama01
87,Mika Zibanejad,31,NYR,C,82,20,42,62,183,zibanmi01
88,Ryan Donato,28,CHI,C,80,31,31,62,182,donatry01
89,Victor Hedman,34,TBL,D,79,15,51,66,181,hedmavi01
90,Fabian Zetterlund,25,2TM,W,84,19,22,41,181,zettefa01
91,Jesper Bratt,26,NJD,W,81,21,67,88,180,brattje01
92,Mark Scheifele,31,WPG,C,82,39,48,87,180,scheima01
93,Mason McTavish,22,ANA,C,76,22,30,52,180,mctavma01
94,Andrei Svechnikov,24,CAR,RW,72,20,28,48,180,svechan01
95,Matthew Coronato,22,CGY,RW,77,24,23,47,180,coronma01
96,Jakob Chychrun,26,WSH,D,74,20,27,47,179,chychja01
97,Thomas Chabot,28,OTT,D,80,9,36,45,179,chaboth01
98,Dylan Holloway,23,STL,C,77,26,37,63,178,hollody01
99,Tomáš Hertl,31,VEG,C,73,32,29,61,177,hertlto01
100,Connor McMichael,24,WSH,C,82,26,31,57,177,mcmicco01
101,Patrick Kane,36,DET,RW,72,21,38,59,175,kanepa01
102,Mikael Backlund,35,CGY,C,76,15,17,32,175,backlmi01
103,Nikolaj Ehlers,28,WPG,LW,69,24,39,63,174,ehlerni01
104,Steven Stamkos,34,NSH,C,82,27,26,53,174,stamkst01
105,Brent Burns,39,CAR,D,82,6,23,29,174,burnsbr01
106,Mitch Marner,27,TOR,RW,81,27,75,102,173,marnemi01
107,JJ Peterka,23,BUF,RW,77,27,41,68,173,peterjo01
108,Nick Suzuki,25,MTL,C,82,30,59,89,172,suzukni01
109,Josh Morrissey,29,WPG,D,80,14,48,62,172,morrijo04
110,Conor Garland,28,VAN,RW,81,19,31,50,171,garlaco01
111,Thomas Harley,23,DAL,D,78,16,34,50,171,harleth01
112,Jake DeBrusk,28,VAN,LW,82,28,20,48,171,debruja01
113,Mikael Granlund,32,2TM,C,83,22,44,66,169,granlmi01
114,Tom Wilson,30,WSH,RW,81,33,32,65,169,wilsoto01
115,Kyle Palmieri,33,NYI,RW,82,24,24,48,169,palmiky01
116,Bobby McMann,28,TOR,F,74,20,14,34,169,mcmanbo02
117,John Carlson,35,WSH,D,79,5,46,51,167,carlsjo01
118,Stefan Noesen,31,NJD,RW,78,22,19,41,165,noesest01
119,Ryan Nugent-Hopkins,31,EDM,C,78,20,29,49,164,nugenry01
120,Jake Walman,28,2TM,D,65,7,33,40,164,walmaja01
121,Kris Letang,37,PIT,D,74,9,21,30,164,letankr01
122,Rasmus Andersson,28,CGY,D,81,11,20,31,163,anderra01
123,Tim Stützle,23,OTT,LW,82,24,55,79,162,stuetti02
124,Moritz Seider,23,DET,D,82,8,38,46,162,seidemo01
125,Evan Rodrigues,31,FLA,C,82,15,17,32,161,rodriev01
126,Roope Hintz,28,DAL,LW,76,28,39,67,160,hintzro01
127,Anthony Cirelli,27,TBL,C,80,27,32,59,160,cirelan01
128,Logan Cooley,20,UTA,C,75,25,40,65,158,coolelo01
129,Anton Lundell,23,FLA,C,79,17,28,45,158,lundean01
130,Viktor Arvidsson,31,EDM,LW,67,15,12,27,158,arvidvi01
131,Ryan Hartman,30,MIN,RW,69,11,15,26,158,hartmry01
132,Quinton Byfield,22,LAK,C,81,23,31,54,157,byfiequ01
133,Matthew Tkachuk,27,FLA,LW,52,22,35,57,156,tkachma01
134,Brady Skjei,30,NSH,D,82,10,23,33,156,skjeibr01
135,Barrett Hayton,24,UTA,C,82,20,26,46,155,haytoba01
136,Sean Couturier,32,PHI,C,79,15,30,45,155,coutuse01
137,Michael Bunting,29,2TM,LW,76,19,19,38,155,buntimi01
138,Dmitri Voronkov,24,CBJ,LW,73,23,24,47,154,vorondi01
139,Oliver Bjorkstrand,29,2TM,RW,79,21,25,46,154,bjorkol01
140,Jonathan Huberdeau,31,CGY,LW,81,28,34,62,153,huberjo01
141,Alexis Lafrenière,23,NYR,LW,82,17,28,45,153,lafreal01
142,Trevor Moore,29,LAK,LW,71,18,22,40,153,mooretr01
143,Matt Duchene,34,DAL,C,82,30,52,82,152,duchema01
144,Matthew Knies,22,TOR,LW,78,29,29,58,152,kniesma01
145,William Cuylle,22,NYR,LW,82,20,25,45,152,cuyllwi01
146,Chris Kreider,33,NYR,LW,68,22,8,30,152,kreidch01
147,William Eklund,22,SJS,LW,77,17,41,58,151,eklunwi01
148,Mats Zuccarello,37,MIN,LW,69,19,35,54,151,zuccama01
149,Ryan O'Reilly,33,NSH,C,79,21,32,53,151,oreilry01
150,Elias Lindholm,30,BOS,C,82,17,30,47,151,lindhel01
151,Joel Farabee,24,2TM,LW,81,11,14,25,151,farabjo01
152,Morgan Geekie,26,BOS,C,77,33,24,57,150,geekimo01
153,Roman Josi,34,NSH,D,53,9,29,38,150,josiro01
154,Nino Niederreiter,32,WPG,RW,82,17,20,37,150,niedeni01
155,Michael Kesselring,25,UTA,D,82,7,22,29,150,kessemi01
156,Dylan Strome,27,WSH,C,82,29,53,82,149,stromdy01
157,Aleksander Barkov,29,FLA,C,67,20,51,71,149,barkoal01
158,Mike Matheson,30,MTL,D,80,6,25,31,149,mathemi01
159,Anthony Beauvillier,27,2TM,LW,81,15,10,25,149,beauvan01
160,Artturi Lehkonen,29,COL,LW,69,27,18,45,148,lehkoar01
161,Brendan Gallagher,32,MTL,RW,82,21,17,38,148,gallabr01
162,Matty Beniers,22,SEA,C,82,20,23,43,147,beniema01
163,Robert Thomas,25,STL,C,70,21,60,81,145,thomaro01
164,Pavel Buchnevich,29,STL,LW,76,20,37,57,145,buchnpa01
165,Kirill Kaprizov,27,MIN,LW,41,25,31,56,145,kapriki01
166,Brock Boeser,27,VAN,RW,75,25,25,50,145,boesebr01
167,Noah Hanifin,28,VEG,D,80,10,29,39,145,hanifno01
168,Marco Kasper,20,DET,C,77,19,18,37,145,kaspema01
169,Sean Walker,30,CAR,D,82,5,11,16,145,walkese01
170,Brayden Schenn,33,STL,C,82,18,32,50,144,schenbr01
171,Taylor Hall,33,2TM,LW,77,18,24,42,144,hallta02
172,Morgan Frost,25,2TM,C,81,14,23,37,144,frostmo01
173,Jeff Skinner,32,EDM,LW,72,16,13,29,144,skinnje01
174,Jason Zucker,33,BUF,LW,73,21,32,53,143,zuckeja01
175,Cole Perfetti,23,WPG,C,82,18,32,50,143,perfeco01
176,Mattias Ekholm,34,EDM,D,65,9,24,33,143,ekholma01
177,Pierre-Luc Dubois,26,WSH,LW,82,20,46,66,142,duboipi01
178,Aliaksei Protas,24,WSH,C,76,30,36,66,142,protaal01
179,Tyson Foerster,23,PHI,RW,81,25,18,43,142,foersty01
180,Jackson Blake,21,CAR,RW,80,17,17,34,142,blakeja02
181,Michael Eyssimont,28,2TM,C,77,9,7,16,142,eyssimi01
182,Nick Paul,29,TBL,LW,76,22,19,41,141,paulni01
183,Kiefer Sherwood,29,VAN,RW,78,19,21,40,141,sherwki01
184,Dawson Mercer,23,NJD,C,82,19,17,36,141,merceda01
185,Joel Eriksson Ek,28,MIN,C,46,14,15,29,140,eriksjo02
186,Owen Power,22,BUF,D,79,7,33,40,139,powerow01
187,Jack Roslovic,28,CAR,C,81,22,17,39,139,rosloja01
188,Travis Sanheim,28,PHI,D,82,8,22,30,139,sanhetr01
189,Claude Giroux,37,OTT,C,81,15,35,50,138,giroucl01
190,Pius Suter,28,VAN,F,81,25,21,46,138,suterpi01
191,Devon Toews,30,COL,D,76,10,34,44,138,toewsde01
192,Ilya Mikheyev,30,CHI,F,80,20,14,34,138,mikheil01
193,J.T. Miller,31,2TM,C,72,22,48,70,137,millejt01
194,Ryan Strome,31,ANA,C,82,10,31,41,137,stromry01
195,Vince Dunn,28,SEA,D,62,11,28,39,137,dunnvi02
196,Eeli Tolvanen,25,SEA,RW,81,23,12,35,137,tolvaee01
197,Marco Rossi,23,MIN,C,82,24,36,60,136,rossima01
198,Jamie Benn,35,DAL,LW,80,16,33,49,136,bennja01
199,Adam Fox,26,NYR,D,74,10,51,61,135,foxad01
200,Brett Kulak,31,EDM,D,82,7,18,25,135,kulakbr01
201,Mason Marchment,29,DAL,F,62,22,25,47,134,marchma01
202,Jackson LaCombe,24,ANA,D,75,14,29,43,134,lacomja01
203,Alex Killorn,35,ANA,C,82,19,18,37,134,killoal01
204,Luke Evangelista,22,NSH,RW,68,10,22,32,134,evanglu01
205,Jiri Kulich,20,BUF,C,62,15,9,24,134,kulicji01
206,Juraj Slafkovsky,20,MTL,LW,79,18,33,51,133,slafkju01
207,Vladimir Tarasenko,33,DET,RW,80,11,22,33,133,tarasvl01
208,Filip Chytil,25,2TM,C,56,13,13,26,133,chytifi01
209,Mikhail Sergachev,26,UTA,D,77,15,38,53,132,sergami01
210,Pavel Zacha,27,BOS,C,82,14,33,47,132,zachapa01
211,Mark Stone,32,VEG,RW,66,19,48,67,131,stonema01
212,Tyler Bertuzzi,29,CHI,LW,82,23,23,46,131,bertuty01
213,Brandt Clarke,21,LAK,D,78,5,28,33,131,clarkbr02
214,Gabriel Vilardi,25,WPG,C,71,27,34,61,130,vilarga01
215,Olen Zellweger,21,ANA,D,62,7,13,20,130,zellwol01
216,Reilly Smith,33,2TM,RW,79,13,27,40,129,smithre01
217,Seth Jones,30,2TM,D,63,9,27,36,129,jonesse01
218,Cole Sillinger,21,CBJ,C,66,11,22,33,129,sillico01
219,Mackie Samoskevich,22,FLA,RW,72,15,16,31,129,samosma01
220,Sean Monahan,30,CBJ,C,54,19,38,57,128,monahse01
221,Shea Theodore,29,VEG,D,67,7,50,57,128,theodsh01
222,Yegor Sharangovich,26,CGY,C,73,17,15,32,128,sharaye01
223,Will Smith,19,SJS,C,74,18,27,45,127,smithwi01
224,Shane Pinto,24,OTT,C,70,21,16,37,127,pintosh01
225,Brandon Saad,32,2TM,LW,72,13,17,30,127,saadbr01
226,Morgan Rielly,30,TOR,D,82,7,34,41,126,riellmo01
227,Lawson Crouse,27,UTA,LW,81,12,6,18,126,crousla01
228,Evgeni Malkin,38,PIT,C,68,16,34,50,125,malkiev01
229,Brett Howden,26,VEG,C,80,23,17,40,125,howdebr01
230,Colton Parayko,31,STL,D,64,16,20,36,125,parayco01
231,Scott Laughton,30,2TM,C,80,13,18,31,125,laughsc01
232,Ross Colton,28,COL,C,61,16,13,29,125,coltoro01
233,Justin Faulk,32,STL,D,78,4,28,32,124,faulkju01
234,Brock Faber,22,MIN,D,78,10,19,29,124,faberbr01
235,Kent Johnson,22,CBJ,C,68,24,33,57,123,johnske01
236,Evgenii Dadonov,35,DAL,RW,80,20,20,40,123,dadonev01
237,Neal Pionk,29,WPG,D,69,10,29,39,123,pionkne01
238,Jack Quinn,23,BUF,RW,74,15,24,39,123,quinnja01
239,Alex Pietrangelo,35,VEG,D,71,4,29,33,123,pietral01
240,Connor Brown,31,EDM,RW,82,13,17,30,123,brownco02
241,Jake Neighbours,22,STL,LW,82,22,24,46,122,neighja01
242,Shayne Gostisbehere,31,CAR,D,70,7,38,45,122,gostish01
243,Phillip Danault,31,LAK,C,80,8,35,43,122,danauph01
244,Luke Hughes,21,NJD,D,71,7,37,44,121,hughelu01
245,Marcus Johansson,34,MIN,C,72,11,23,34,121,johanma03
246,Jean-Gabriel Pageau,32,NYI,C,79,14,28,42,120,pageaje01
247,Zachary Bolduc,21,STL,C,72,19,17,36,120,bolduza01
248,Zach Benson,19,BUF,LW,75,10,18,28,120,bensoza01
249,Ridly Greig,22,OTT,C,78,13,21,34,119,greigri01
250,William Karlsson,32,VEG,C,53,9,20,29,119,karlswi01
251,Valeri Nichushkin,29,COL,RW,43,21,13,34,118,nichuva01
252,Oliver Ekman-Larsson,33,TOR,D,77,4,25,29,118,ekmanol01
253,Alex Newhook,24,MTL,C,82,15,11,26,118,newhoal01
254,Kaapo Kakko,23,2TM,RW,79,14,30,44,117,kakkoka01
255,Dmitry Orlov,33,CAR,D,76,6,22,28,117,orlovdm01
256,Drew O'Connor,26,2TM,F,84,10,15,25,117,oconndr01
257,Maxim Tsyplakov,26,NYI,F,77,10,25,35,116,tsyplma01
258,Patrik Laine,26,MTL,RW,52,20,13,33,116,lainepa01
259,Niko Mikkola,28,FLA,D,76,6,16,22,116,mikkoni01
260,André Burakovsky,29,SEA,LW,79,10,27,37,115,burakan01
261,Charlie Coyle,32,2TM,C,83,17,18,35,115,coylech01
262,Jesperi Kotkaniemi,24,CAR,C,78,12,21,33,115,kotkaje01
263,Nick Bjugstad,32,UTA,C,66,8,11,19,115,bjugsni01
264,Sam Malinski,26,COL,D,76,5,10,15,115,malinsa01
265,Leo Carlsson,20,ANA,C,76,20,25,45,114,carlsle01
266,Martin Pospisil,25,CGY,C,81,4,21,25,114,pospima01
267,Vasily Podkolzin,23,EDM,RW,82,8,16,24,114,podkova01
268,Jalen Chatfield,28,CAR,D,79,7,11,18,114,chatfja01
269,Jordan Martinook,32,CAR,LW,79,15,21,36,112,martijo01
270,Vladislav Gavrikov,29,LAK,D,82,5,25,30,112,gavrivl01
271,Adam Larsson,32,SEA,D,82,7,21,28,112,larssad01
272,Nicholas Robertson,23,TOR,LW,69,15,7,22,112,roberni01
273,Luke Kunin,27,2TM,C,75,11,7,18,112,kuninlu01
274,Teuvo Teräväinen,30,CHI,F,82,15,43,58,111,teravte01
275,Ivan Barbashev,29,VEG,C,70,23,28,51,111,barbaiv01
276,Mathieu Olivier,27,CBJ,F,82,18,14,32,111,olivima01
277,Connor Zary,23,CGY,C,54,13,14,27,111,zaryco01
278,Jacob Trouba,30,2TM,D,77,1,13,14,111,troubja01
279,Noah Cates,25,PHI,LW,78,16,21,37,110,catesno01
280,Frédérick Gaudreau,31,MIN,C,82,18,19,37,110,gaudrfr01
281,Eric Robinson,29,CAR,LW,82,14,18,32,110,robiner01
282,K'Andre Miller,25,NYR,D,74,7,20,27,110,milleka01
283,Jaccob Slavin,30,CAR,D,80,6,21,27,110,slavija01
284,Erik Haula,33,NJD,LW,69,11,10,21,110,haulaer01
285,Elias Pettersson,26,VAN,C,64,15,30,45,109,petteel01
286,Alex Iafallo,31,WPG,C,82,15,16,31,109,iafalal01
287,Victor Olofsson,29,VEG,RW,56,15,14,29,109,olofsvi01
288,Josh Anderson,30,MTL,RW,81,15,12,27,109,anderjo05
289,Tanner Pearson,32,VEG,LW,78,12,15,27,109,pearsta01
290,Adam Pelech,30,NYI,D,60,0,21,21,109,pelecad01
291,Ben Chiarot,33,DET,D,81,4,9,13,109,chiarbe01
292,Darren Raddysh,28,TBL,D,73,6,31,37,108,raddyda01
293,Miro Heiskanen,25,DAL,D,50,5,20,25,108,heiskmi01
294,Jordan Staal,36,CAR,C,75,13,23,36,107,staaljo01
295,Jared Spurgeon,35,MIN,D,66,7,25,32,107,spurgja01
296,Nicolas Roy,27,VEG,C,71,15,16,31,107,royni01
297,Mason Appleton,29,WPG,C,71,10,12,22,107,applema01
298,Aaron Ekblad,28,FLA,D,56,3,30,33,106,ekblaaa01
299,Bobby Brink,23,PHI,RW,79,12,29,41,105,brinkbo01
300,Casey Mittelstadt,26,2TM,C,81,15,25,40,105,mitteca01
301,Nikita Zadorov,29,BOS,D,81,4,18,22,105,zadorni01
302,Nick Foligno,37,CHI,LW,78,15,20,35,104,foligni01
303,Christian Dvorak,28,MTL,C,82,12,21,33,104,dvorach01
304,Joel Armia,31,MTL,RW,81,11,18,29,104,armiajo01
305,Adam Henrique,34,EDM,C,81,12,15,27,104,henriad01
306,Philip Tomasino,23,2TM,C,61,11,13,24,104,tomasph01
307,Lars Eller,35,2TM,C,80,10,12,22,104,ellerla01
308,Alex Vlasic,23,CHI,D,82,4,26,30,103,vlasial01
309,Gustav Nyquist,35,2TM,RW,79,11,17,28,103,nyquigu01
310,Kevin Stenlund,28,UTA,C,82,14,14,28,102,stenlke01
311,Timothy Liljegren,25,2TM,D,68,6,11,17,102,liljeti01
312,Zach Aston-Reese,30,CBJ,C,79,6,11,17,101,astonza01
313,Ivan Provorov,28,CBJ,D,82,7,26,33,100,provoiv01
314,Corey Perry,39,EDM,RW,81,19,11,30,100,perryco01
315,Alexander Kerfoot,30,UTA,C,81,11,17,28,100,kerfoal01
316,Alexander Romanov,25,NYI,D,64,4,16,20,100,romanal01
317,Rasmus Ristolainen,30,PHI,D,63,4,15,19,100,ristora01
318,Adam Lowry,31,WPG,LW,73,16,18,34,99,lowryad01
319,Esa Lindell,30,DAL,D,80,5,21,26,99,lindees01
320,Brandon Tanev,33,2TM,LW,79,10,12,22,99,tanevbr01
321,Michael Rasmussen,25,DET,C,77,11,10,21,99,rasmumi01
322,Parker Kelly,25,COL,F,80,8,11,19,99,kellypa01
323,Brett Pesce,30,NJD,D,72,3,14,17,99,pescebr01
324,Anže Kopitar,37,LAK,C,81,21,46,67,98,kopitan01
325,J.T. Compher,29,DET,LW,76,11,21,32,98,comphj.01
326,Trevor Zegras,23,ANA,C,57,12,20,32,98,zegratr01
327,Kevin Hayes,32,PIT,RW,64,13,10,23,98,hayeske01
328,Charlie McAvoy,27,BOS,D,50,7,16,23,98,mcavoch01
329,Ryan McLeod,25,BUF,C,79,20,33,53,97,mcleory01
330,Philip Broberg,23,STL,D,68,8,21,29,97,brobeph01
331,Ryan Pulock,30,NYI,D,74,5,18,23,97,pulocry01
332,Jacob Middleton,29,MIN,D,67,8,13,21,97,middlja01
333,Brayden McNabb,34,VEG,D,82,5,15,20,97,mcnabbr01
334,Casey Cizikas,33,NYI,C,82,7,10,17,97,cizikca01
335,Simon Holmström,23,NYI,RW,75,20,25,45,96,holmssi01
336,Joshua Norris,25,2TM,C,56,21,14,35,96,norrijo01
337,Ondřej Palát,33,NJD,LW,77,15,13,28,96,palaton01
338,Andrew Mangiapane,28,WSH,LW,81,14,14,28,95,mangian01
339,Samuel Girard,26,COL,D,73,3,21,24,95,girarsa01
340,Braden Schneider,23,NYR,D,80,6,15,21,95,schnebr01
341,Dylan Samberg,26,WPG,D,60,6,14,20,95,sambedy01
342,Matt Grzelcyk,31,PIT,D,82,1,39,40,94,grzelma01
343,Bowen Byram,23,BUF,D,82,7,31,38,94,byrambo01
344,Vladislav Namestnikov,32,WPG,C,78,11,27,38,94,namesvl01
345,Teddy Blueger,30,VAN,C,82,8,18,26,94,bluegte01
346,Justin Danforth,31,CBJ,RW,61,9,12,21,94,danfoju01
347,Max Domi,29,TOR,LW,74,8,25,33,93,domima01
348,Taylor Raddysh,26,WSH,RW,80,7,20,27,93,raddyta01
349,Jack Drury,24,2TM,C,72,8,10,18,93,druryja01
350,Pierre Engvall,28,NYI,LW,62,8,7,15,93,engvapi01
351,Mason Lohrei,24,BOS,D,77,5,28,33,92,lohrema01
352,Thomas Novak,27,2TM,C,54,13,9,22,92,novakth01
353,Uvis Balinskis,28,FLA,D,76,4,14,18,92,balinuv01
354,Morgan Barron,26,WPG,C,74,8,7,15,92,barromo01
355,Lane Hutson,20,MTL,D,82,6,60,66,91,hutsola01
356,Shane Wright,21,SEA,C,79,19,25,44,91,wrighsh01
357,Marcus Foligno,33,MIN,LW,77,14,15,29,91,foligma01
358,Frank Nazar,21,CHI,C,53,12,14,26,91,nazarfr01
359,Damon Severson,30,CBJ,D,70,6,19,25,91,severda01
360,Cody Glass,25,2TM,C,65,6,16,22,91,glassco01
361,Joel Edmundson,31,LAK,D,73,6,14,20,91,edmunjo01
362,Jack McBain,25,UTA,C,82,13,14,27,90,mcbaija03
363,Adam Gaudette,28,OTT,C,81,19,7,26,90,gaudead01
364,Cody Ceci,31,2TM,D,85,4,20,24,90,cecico01
365,Paul Cotter,25,NJD,C,79,16,6,22,90,cottepa01
366,Alexey Toropchenko,25,STL,RW,80,4,14,18,90,toropal01
367,Craig Smith,35,2TM,C,59,9,9,18,90,smithcr01
368,Dante Fabbro,26,2TM,D,68,9,17,26,89,fabbrda01
369,Sam Steel,26,DAL,C,79,6,19,25,89,steelsa01
370,Justin Brazeau,26,2TM,F,76,11,11,22,89,brazeju01
371,Logan O'Connor,28,COL,RW,80,10,11,21,89,oconnlo01
372,Radko Gudas,34,ANA,D,81,1,15,16,89,gudasra01
373,Cam Fowler,33,2TM,D,68,9,31,40,88,fowleca01
374,Keegan Kolesar,27,VEG,RW,82,12,18,30,88,koleske01
375,Jonatan Berggren,24,DET,RW,75,12,12,24,88,berggjo02
376,Josh Doan,22,UTA,RW,51,7,12,19,88,doanjo01
377,Sean Kuraly,32,CBJ,C,82,6,11,17,88,kuralse01
378,Carl Grundström,27,SJS,RW,56,3,6,9,88,grundca01
379,Eetu Luostarinen,26,FLA,C,80,9,15,24,87,luostee01
380,Tyler Myers,34,VAN,D,71,6,18,24,87,myersty01
381,Jesper Boqvist,26,FLA,C,78,12,11,23,87,boqvije01
382,Simon Edvinsson,21,DET,D,78,7,24,31,86,edvinsi01
383,Jordan Spence,23,LAK,D,79,4,24,28,86,spencjo01
384,Nic Dowd,34,WSH,C,82,14,13,27,86,dowdni01
385,Matias Maccelli,24,UTA,LW,55,8,10,18,86,maccema01
386,A.J. Greer,28,FLA,LW,81,6,11,17,86,greeraj01
387,James van Riemsdyk,35,CBJ,LW,71,16,20,36,85,vanrija01
388,Michael Amadio,28,OTT,C,72,11,16,27,85,amadimi01
389,Cole Koepke,26,BOS,LW,73,10,7,17,85,koepkco01
390,Yakov Trenin,28,MIN,C,76,7,8,15,85,treniya01
391,Michael Anderson,25,LAK,D,77,6,18,24,84,andermi02
392,Matt Roy,29,WSH,D,69,3,21,24,84,royma04
393,Joel Kiviranta,28,COL,F,79,16,7,23,84,kivirjo01
394,Kirby Dach,24,MTL,C,57,10,12,22,84,dachki01
395,Sam Carrick,32,NYR,C,80,6,14,20,84,carrisa01
396,Connor Murphy,31,CHI,D,68,2,17,19,84,murphco02
397,Nick Blankenburg,26,NSH,D,60,4,12,16,84,blankni01
398,Andrei Kuzmenko,28,3TM,F,66,11,26,37,83,kuzmean01
399,Filip Hronek,27,VAN,D,61,5,28,33,83,hronefi01
400,Nils Höglander,24,VAN,LW,72,8,17,25,83,hoglani01
401,Brandon Duhaime,27,WSH,RW,82,9,12,21,83,duhaibr01
402,Zemgus Girgensons,31,TBL,C,82,2,4,6,83,girgeze01
403,Alexander Wennberg,30,SJS,C,77,10,25,35,82,wennbal01
404,Alexandre Carrier,28,2TM,D,79,3,22,25,82,carrial01
405,Kevin Bahl,24,CGY,D,73,3,17,20,82,bahlke01
406,Nick Seeler,31,PHI,D,77,3,17,20,82,seeleni01
407,Danton Heinen,29,2TM,C,79,9,20,29,81,heineda01
408,William Borgen,28,2TM,D,84,5,10,15,81,borgewi01
409,Carson Soucy,30,2TM,D,75,4,9,13,81,soucyca01
410,Jake Evans,28,MTL,C,82,13,23,36,80,evansja02
411,Peyton Krebs,24,BUF,C,81,10,18,28,80,krebspe01
412,Mavrik Bourque,23,DAL,C,73,11,14,25,80,bourqma01
413,Garnet Hathaway,33,PHI,RW,67,10,11,21,80,hathaga01
414,Colton Sissons,31,NSH,C,72,7,14,21,80,sissoco01
415,Trevor van Riemsdyk,33,WSH,D,82,1,20,21,80,vanritr01
416,Andrew Peeke,26,BOS,D,76,1,16,17,80,peekean01
417,Michael McCarron,29,NSH,RW,74,5,9,14,80,mccarmi01
418,Alex Turcotte,23,LAK,C,68,9,16,25,79,turcoal02
419,Mario Ferraro,26,SJS,D,78,5,12,17,79,ferrama01
420,Brett Leason,25,ANA,RW,62,5,12,17,79,leasobr01
421,Zach Bogosian,34,MIN,D,81,4,12,16,79,bogosza01
422,Ryan McDonagh,35,TBL,D,82,4,27,31,78,mcdonry01
423,Rasmus Sandin,24,WSH,D,82,4,26,30,78,sandira01
424,Mathew Barzal,27,NYI,C,30,6,14,20,78,barzama01
425,Trent Frederic,26,2TM,C,58,8,7,15,78,fredetr01
426,Zachary L'Heureux,21,NSH,LW,62,5,10,15,78,lheurza01
427,Tyler Kleven,23,OTT,D,79,4,6,10,78,klevety01
428,Nick Jensen,34,OTT,D,71,3,18,21,77,jenseni02
429,Brandon Carlo,28,2TM,D,83,1,11,12,77,carlobr01
430,Luke Schenn,35,2TM,D,76,1,6,7,77,schenlu01
431,Martin Fehérváry,25,WSH,D,81,5,20,25,76,feherma01
432,Tony DeAngelo,29,NYI,D,35,4,15,19,76,deangan01
433,Steven Lorentz,28,TOR,C,80,8,11,19,76,lorenst01
434,Johnathan Kovacevic,27,NJD,D,81,1,16,17,76,kovacjo01
435,Marc Del Gaizo,25,NSH,D,46,2,7,9,76,delgama01
436,Yanni Gourde,33,2TM,C,57,7,24,31,75,gourdya01
437,Michael Carcone,28,UTA,F,53,7,12,19,75,carcomi01
438,Dylan DeMelo,31,WPG,D,82,3,16,19,75,demeldy01
439,Joe Veleno,25,2TM,C,74,8,9,17,75,velenjo01
440,Noel Acciari,33,PIT,C,79,5,7,12,75,acciano01
441,Jake McCabe,31,TOR,D,66,2,21,23,74,mccabja01
442,Nicolas Hague,26,VEG,D,68,5,7,12,74,hagueni01
443,Jonny Brodzinski,31,NYR,C,51,12,7,19,73,brodzjo01
444,Pat Maroon,36,CHI,LW,68,5,14,19,73,maroopa01
445,Olli Määttä,30,2TM,D,77,2,16,18,73,maattol01
446,Justin Barron,23,2TM,D,62,6,7,13,73,barroju01
447,Barclay Goodrow,31,SJS,RW,77,5,3,8,73,goodrba01
448,Chandler Stephenson,30,SEA,C,78,13,38,51,72,stephch02
449,Lukas Reichel,22,CHI,LW,70,8,14,22,72,reichlu01
450,Nathan Walker,30,STL,C,73,8,8,16,72,walkena01
451,Zach Whitecloud,28,VEG,D,74,4,9,13,72,whiteza01
452,Travis Hamonic,34,OTT,D,59,1,6,7,72,hamontr01
453,Ryan Poehling,26,PHI,C,68,12,19,31,71,poehlry01
454,Jonas Brodin,31,MIN,D,50,4,16,20,71,brodijo01
455,Kaiden Guhle,23,MTL,D,55,6,12,18,71,guhleka01
456,David Perron,36,OTT,LW,43,9,7,16,71,perroda01
457,Jake Bean,26,CGY,D,64,2,5,7,71,beanja01
458,Marcus Pettersson,28,2TM,D,78,4,25,29,70,pettema01
459,Boone Jenner,31,CBJ,C,26,7,12,19,70,jennebo01
460,Nate Schmidt,33,FLA,D,80,5,14,19,70,schmina01
461,Max Pacioretty,36,TOR,LW,37,5,8,13,70,pacioma01
462,Brian Dumoulin,33,2TM,D,80,3,19,22,69,dumoubr01
463,Pavel Mintyukov,21,ANA,D,68,5,14,19,69,mintypa01
464,Conor Timmins,26,2TM,D,68,3,12,15,69,timmico01
465,Mathieu Joseph,27,STL,RW,60,4,10,14,69,josepma01
466,Declan Chisholm,25,MIN,D,66,2,10,12,69,chishde01
467,Alexander Holtz,23,VEG,RW,53,4,8,12,69,holtzal01
468,Cole Smith,29,NSH,F,71,4,8,12,69,smithco02
469,Arber Xhekaj,24,MTL,D,70,1,5,6,69,xhekaar01
470,Andrew Copp,30,DET,C,56,10,13,23,68,coppan01
471,Pontus Holmberg,25,TOR,RW,68,7,12,19,68,holmbpo01
472,Mitchell Chaffee,27,TBL,F,66,12,6,18,68,chaffmi01
473,Yegor Chinakhov,23,CBJ,RW,30,7,8,15,68,chinaye01
474,Nick Cousins,31,OTT,C,50,6,9,15,68,cousini01
475,Radek Faksa,31,STL,C,70,5,10,15,68,faksara01
476,Colin Miller,32,WPG,D,60,4,11,15,68,milleco02
477,Erik Gustafsson,32,DET,D,60,2,16,18,67,gustaer02
478,Mark Kastelic,25,BOS,C,61,5,9,14,67,kastema01
479,Beck Malenstyn,26,BUF,LW,76,4,6,10,67,malenbe01
480,Jordan Eberle,34,SEA,RW,42,9,17,26,66,eberljo01
481,Nicklaus Perbix,26,TBL,D,74,6,13,19,66,perbini01
482,Ian Cole,35,UTA,D,82,1,16,17,66,coleia01
483,Jamie Oleksiak,32,SEA,D,82,4,13,17,66,oleksja01
484,Tomáš Tatar,34,NJD,LW,74,7,10,17,66,tatarto01
485,Mark Jankowski,30,2TM,C,60,12,5,17,66,jankoma01
486,Kasperi Kapanen,28,2TM,RW,67,6,8,14,66,kapanka01
487,Ryan Lomberg,30,CGY,LW,80,3,10,13,66,lombery01
488,Tyler Motte,29,DET,C,55,4,5,9,66,mottety01
489,Wyatt Kaiser,22,CHI,D,57,4,4,8,66,kaisewy01
490,Cameron York,24,PHI,D,66,4,13,17,65,yorkca01
491,Robby Fabbri,29,ANA,C,44,8,8,16,65,fabbrro01
492,Josh Manson,33,COL,D,48,1,14,15,65,mansojo01
493,Erik Černák,27,TBL,D,76,3,18,21,64,cernaer01
494,Emil Heineman,23,MTL,LW,62,10,8,18,64,heineem01
495,Fedor Svechkov,21,NSH,C,52,8,9,17,64,svechfe01
496,Dmitry Kulikov,34,FLA,D,70,4,9,13,64,kulikdm01
497,Ryan Lindgren,26,2TM,D,72,4,18,22,63,lindgry01
498,Jamie Drysdale,22,PHI,D,70,7,13,20,63,drysdja01
499,Colin Blackwell,31,DAL,C,63,6,11,17,63,blackco01
500,Connor Clifton,29,BUF,D,73,1,15,16,63,cliftco01
501,Drew Helleson,23,ANA,D,56,4,9,13,63,helledr01
502,Ryan Suter,40,STL,D,82,2,13,15,62,suterry01
503,Ty Emberson,24,EDM,D,76,2,11,13,62,emberty01
504,Gage Goncalves,24,TBL,C,60,8,12,20,61,goncaga01
505,Brayden Pachal,25,CGY,D,76,3,9,12,61,pachabr01
506,Kyle MacLean,25,NYI,F,81,4,7,11,61,macleky01
507,Oskar Sundqvist,30,STL,C,67,6,14,20,60,sundqos01
508,Isac Lundeström,25,ANA,C,79,4,11,15,60,lundeis01
509,Conor Geekie,20,TBL,C,52,8,6,14,60,geekico01
510,Anthony Duclair,29,NYI,LW,44,7,4,11,60,duclaan01
511,Miles Wood,29,COL,LW,37,4,4,8,60,woodmi01
512,Noah Gregor,26,2TM,C,52,4,3,7,60,gregono01
513,Ryker Evans,23,SEA,D,73,5,20,25,59,evansry01
514,Nico Sturm,29,2TM,C,62,7,7,14,59,sturmni01
515,Brett Berard,22,NYR,LW,35,6,4,10,59,berarbr02
516,Henri Jokiharju,25,2TM,D,60,3,7,10,59,jokihhe01
517,Josh Mahura,26,SEA,D,64,0,9,9,58,mahurjo01
518,Jake Christiansen,25,CBJ,D,68,1,7,8,58,chrisja01
519,Artem Zub,29,OTT,D,56,2,11,13,57,zubar01
520,Mathew Dumba,30,DAL,D,63,1,9,10,57,dumbama01
521,Jonathan Drouin,29,COL,LW,43,11,26,37,56,drouijo01
522,Jason Dickinson,29,CHI,C,59,7,9,16,56,dickija01
523,Tanner Jeannot,27,LAK,F,67,7,6,13,56,jeannta01
524,Tye Kartye,23,SEA,F,63,6,7,13,56,kartyty01
525,Connor Dewar,25,2TM,C,48,4,6,10,55,dewarco01
526,Jan Rutta,34,SJS,D,54,3,6,9,55,ruttaja02
527,Troy Stecher,30,EDM,D,66,3,4,7,55,stechtr01
528,Daniel Sprong,27,3TM,RW,30,2,5,7,55,spronda01
529,Jakob Pelletier,23,2TM,LW,49,7,12,19,54,pelleja01
530,Philipp Kurashev,25,CHI,C,51,7,7,14,54,kurasph01
531,Kevin Rooney,31,CGY,C,70,5,5,10,54,rooneke01
532,Oliver Wahlstrom,24,2TM,RW,43,3,3,6,54,wahlsol01
533,Trevor Lewis,38,LAK,C,60,6,6,12,53,lewistr01
534,Rasmus Kupari,24,WPG,C,59,5,3,8,53,kuparra01
535,Dakota Joshua,28,VAN,C,57,7,7,14,52,joshuda01
536,Mattias Samuelsson,24,BUF,D,62,4,10,14,52,samuema02
537,Henry Thrun,23,SJS,D,60,2,10,12,52,thrunhe01
538,Daniil Miromanov,27,CGY,D,44,2,7,9,52,miromda01
539,Jonas Siegenthaler,27,NJD,D,55,2,7,9,52,siegejo01
540,Emil Andrae,22,PHI,D,42,1,6,7,52,andraem01
541,Vinni Lettieri,29,BOS,C,26,3,2,5,52,lettivi01
542,Nils Lundkvist,24,DAL,D,39,0,5,5,52,lundkni01
543,Blake Lizotte,27,PIT,C,59,11,9,20,51,lizotbl01
544,Mattias Janmark,32,EDM,C,80,2,16,18,51,janmama02
545,Ilya Lyubushkin,30,DAL,D,80,1,13,14,51,lyubuil01
546,Zachary Jones,24,NYR,D,46,1,10,11,51,jonesza01
547,Scott Mayfield,32,NYI,D,66,3,6,9,51,mayfisc01
548,Calvin de Haan,33,2TM,D,47,0,8,8,51,dehaaca01
549,Luke Glendening,35,TBL,C,77,4,3,7,51,glendlu01
550,Hudson Fasching,29,NYI,RW,43,2,2,4,51,faschhu01
551,Alexandre Texier,25,STL,C,31,6,5,11,50,texieal01
552,Jesse Puljujärvi,26,2TM,RW,31,4,6,10,50,puljuje01
553,Ty Dellandrea,24,SJS,C,68,1,7,8,50,dellaty01
554,Sam Lafferty,29,BUF,C,60,4,3,7,50,laffesa01
555,Logan Stanley,26,WPG,D,63,1,13,14,49,stanllo01
556,Jansen Harkins,27,ANA,C,62,2,4,6,49,harkija01
557,Brenden Dillon,34,NJD,D,82,2,14,16,48,dillobr01
558,David Savard,34,MTL,D,75,1,14,15,48,savarda01
559,J.J. Moser,24,TBL,D,54,2,12,14,48,moserja01
560,William Carrier,30,CAR,LW,43,4,7,11,48,carriwi01
561,Simon Benoit,26,TOR,D,78,1,9,10,48,benoisi01
562,Vinnie Hinostroza,30,2TM,C,38,5,5,10,48,hinosvi01
563,Albert Johansson,24,DET,D,61,3,6,9,48,johanal01
564,Jakub Vrána,28,2TM,LW,39,9,5,14,47,vranaja01
565,Jayden Struble,23,MTL,D,56,2,11,13,47,strubja01
566,Cam Atkinson,35,TBL,RW,39,4,5,9,47,atkinca01
567,Tomáš Nosek,32,FLA,C,59,1,8,9,47,nosekto01
568,Jonathon Merrill,32,MIN,D,70,2,4,6,47,merrijo01
569,Tyler Seguin,33,DAL,C,20,9,12,21,46,seguity01
570,Emil Martinsen Lilleberg,23,TBL,D,76,1,18,19,46,martiem01
571,Drew Doughty,35,LAK,D,30,4,13,17,46,doughdr01
572,Philippe Myers,28,TOR,D,36,2,3,5,46,myersph01
573,Nikolai Kovalenko,25,2TM,RW,57,7,13,20,45,kovalni01
574,David Kämpf,30,TOR,C,59,5,8,13,45,kampfda01
575,Oskar Back,24,DAL,C,73,4,12,16,44,backos01
576,Denton Mateychuk,20,CBJ,D,45,4,9,13,44,mateyde01
577,John Beecher,23,BOS,C,78,3,8,11,44,beechjo01
578,Nathan Bastian,27,NJD,RW,59,4,6,10,44,bastina01
579,Adam Klapka,24,CGY,F,31,6,4,10,44,klapkad01
580,Tyson Jost,26,CAR,C,39,4,5,9,44,jostty01
581,Parker Wotherspoon,27,BOS,D,55,1,6,7,44,wothepa01
582,Keaton Middleton,26,COL,D,41,0,2,2,44,middlke01
583,Chris Tanev,35,TOR,D,75,3,15,18,43,tanevch01
584,Jonah Gadjovich,26,FLA,LW,42,4,0,4,43,gadjojo01
585,Nikolas Matinpalo,26,OTT,D,41,1,3,4,43,matinni01
586,Urho Vaakanainen,26,2TM,D,51,2,14,16,42,vaakaur01
587,Jakub Lauko,24,2TM,C,56,5,6,11,42,laukoja01
588,Joel Hanley,33,CGY,D,53,2,7,9,42,hanlejo01
589,Pierre-Olivier Joseph,25,2TM,D,47,0,3,3,42,joseppi01
590,Sam Colangelo,23,ANA,RW,32,10,2,12,41,colansa01
591,Marat Khusnutdinov,22,2TM,C,75,5,7,12,41,khusnma01
592,Jack Thompson,22,SJS,D,31,4,6,10,41,thompja01
593,Marc Gatcomb,25,NYI,F,39,8,1,9,41,gatcoma01
594,Justin Holl,33,DET,D,73,2,6,8,41,hollju01
595,Devin Shore,30,MIN,C,55,1,4,5,41,shorede01
596,Adam Boqvist,24,2TM,D,35,4,10,14,40,boqviad01
597,Collin Graf,22,SJS,F,33,5,6,11,40,grafco01
598,Adam Edstrom,24,NYR,C,51,5,4,9,40,edstrad01
599,Juuso Välimäki,26,UTA,D,43,2,3,5,40,valimju01
600,Sean Durzi,26,UTA,D,30,4,7,11,39,durzise01
601,Derek Forbort,32,VAN,D,54,2,9,11,39,forbode01
602,Lian Bichsel,20,DAL,D,38,4,5,9,39,bichsli01
603,Ryan Graves,29,PIT,D,61,1,3,4,39,gravery01
604,Alec Martinez,37,CHI,D,44,5,7,12,38,martial01
605,Elmer Söderblom,23,DET,RW,26,4,7,11,38,soderel01
606,Jordan Oesterle,32,2TM,D,37,4,6,10,38,oestejo01
607,Haydn Fleury,28,WPG,D,39,0,7,7,38,fleurha01
608,Egor Zamula,24,PHI,D,63,3,12,15,37,zamulye01
609,Erik Johnson,36,2TM,D,36,2,3,5,37,johnser01
610,Jordan Greenway,27,BUF,LW,34,3,5,8,36,greenjo02
611,Jimmy Vesey,31,2TM,LW,43,5,3,8,36,veseyji02
612,Kevin Labanc,29,CBJ,RW,34,2,10,12,35,labanke01
613,Hampus Lindholm,31,BOS,D,17,3,4,7,35,lindhha01
614,Aatu Räty,22,VAN,C,33,7,4,11,34,ratyaa01
615,Kaedan Korczak,24,VEG,D,40,0,10,10,34,korczka01
616,Ivan Ivan,22,COL,F,40,5,3,8,34,ivaniv01
617,Justin Dowling,34,NJD,C,52,2,5,7,34,dowliju01
618,Landon Slaggert,22,CHI,LW,33,2,4,6,34,slaggla01
619,Liam O'Brien,30,UTA,C,28,0,2,2,34,obrieli01
620,Erik Brännström,25,VAN,D,28,3,5,8,33,branner01
621,Jeff Petry,37,DET,D,44,1,7,8,33,petryje01
622,Tyler Tucker,24,STL,D,38,3,4,7,33,tuckety01
623,Matthew Highmore,28,OTT,LW,41,2,4,6,33,highmma01
624,Adam Wilsby,24,NSH,D,23,1,4,5,33,wilsbad01
625,Cole Schwindt,23,VEG,RW,42,1,7,8,32,schwico01
626,Jacob Bernard-Docker,24,2TM,D,40,2,6,8,32,bernaja01
627,Mikael Pyyhtia,23,CBJ,LW,47,4,3,7,32,pyyhtmi01
628,Liam Ohgren,21,MIN,LW,24,2,3,5,32,ohgreli01
629,Christian Fischer,27,2TM,RW,46,1,6,7,31,fischch01
630,Max Sasson,24,VAN,F,29,3,4,7,31,sassoma01
631,Matthew Nieto,32,PIT,LW,32,1,2,3,31,nietoma01
632,Mike Reilly,31,NYI,D,18,0,2,2,31,reillmi01
633,Juuso Pärssinen,23,3TM,C,48,6,10,16,30,parssju01
634,Dennis Cholowski,26,2TM,D,39,3,7,10,30,cholode01
635,Shakir Mukhamadullin,23,SJS,D,30,2,7,9,30,mukhash01
636,Brock McGinn,30,ANA,LW,26,4,4,8,30,mcginbr01
637,Jacob Moverare,26,LAK,D,49,1,7,8,30,moverja01
638,Matt Rempe,22,NYR,C,42,3,5,8,30,rempema01
639,David Gustafsson,24,WPG,C,36,2,4,6,30,gustada01
640,Jonathan Lekkerimaki,20,VAN,RW,24,3,3,6,30,lekkejo01
641,John Marino,27,UTA,D,35,1,13,14,29,marinjo01
642,Matthew Poitras,20,BOS,C,33,1,10,11,29,poitrma01
643,Samuel Helenius,22,LAK,C,50,4,3,7,29,helensa02
644,Chris Wagner,33,COL,C,28,1,0,1,29,wagnech01
645,Klim Kostin,25,SJS,C,35,1,6,7,28,kostikl01
646,Linus Karlsson,25,VAN,C,23,3,3,6,28,karlsli01
647,Kieffer Bellows,26,NSH,LW,19,2,2,4,28,belloki01
648,Louis Crevier,23,CHI,D,32,3,1,4,28,crevilo01
649,Vincent Desharnais,28,3TM,D,51,0,3,3,28,deshavi01
650,Victor Mancini,22,2TM,D,31,2,6,8,27,mancivi01
651,Colton Dach,22,CHI,C,25,2,5,7,27,dachco01
652,Brendan Smith,35,DAL,D,32,1,5,6,27,smithbr05
653,Curtis Lazar,29,NJD,C,48,2,3,5,27,lazarcu01
654,Isaiah George,20,NYI,D,33,1,4,5,26,georgis01
655,Simon Nemec,20,NJD,D,27,2,2,4,26,nemecsi01
656,Zack Ostapchuk,21,2TM,C,56,1,3,4,26,ostapza01
657,Zack MacEwen,28,OTT,C,21,2,1,3,26,macewza01
658,Noah Juulsen,27,VAN,D,35,0,0,0,26,juulsno01
659,Rodrigo Abols,29,PHI,C,22,2,3,5,25,abolsro01
660,Nicolas Deslauriers,33,PHI,LW,31,2,1,3,25,deslani01
661,Jeremy Lauzon,27,NSH,D,28,0,1,1,25,lauzoje01
662,Nick DeSimone,30,UTA,D,20,1,5,6,24,desimni01
663,Fraser Minten,20,2TM,C,21,3,2,5,24,mintefr01
664,Ben Jones,25,MIN,F,26,0,0,0,24,jonesbe01
665,T.J. Brodie,34,CHI,D,54,2,8,10,23,broditj01
666,Ethen Frank,26,WSH,F,24,4,3,7,23,franket01
667,Phillip Di Giuseppe,31,VAN,LW,20,1,5,6,23,digiuph01
668,Jack Johnson,38,CBJ,D,41,0,6,6,23,johnsja02
669,Scott Morrow,22,CAR,D,14,1,5,6,23,morrosc02
670,Jani Nyman,20,SEA,RW,12,3,3,6,22,nymanja01
671,Sam Rinzel,20,CHI,D,9,0,5,5,22,rinzesa01
672,Artyom Levshunov,19,CHI,D,18,0,6,6,21,levshar01
673,Nick Leddy,33,STL,D,31,2,3,5,21,leddyni01
674,Arthur Kaliyev,23,NYR,RW,14,3,1,4,21,kaliyar01
675,Fabian Lysell,22,BOS,RW,12,1,2,3,21,lyselfa01
676,Jacob Bryson,27,BUF,D,48,0,7,7,20,brysoja01
677,Vladislav Kolyachonok,23,2TM,D,35,2,5,7,20,kolyavl01
678,Nikita Nesterenko,23,ANA,C,20,4,2,6,20,nesteni02
679,Derek Ryan,38,EDM,C,36,1,5,6,20,ryande01
680,Akil Thomas,25,LAK,C,25,1,2,3,20,thomaak01
681,Marc-Édouard Vlasic,37,SJS,D,27,1,2,3,20,vlasima01
682,John Hayden,29,SEA,C,20,1,1,2,20,haydejo01
683,Brennan Othmann,22,NYR,LW,22,0,2,2,20,othmabr01
684,Ethan Del Mastro,22,CHI,D,24,2,4,6,19,delmaet01
685,Anthony Richard,28,PHI,C,15,2,4,6,19,richaan01
686,Ryan Shea,27,PIT,D,39,2,3,5,19,sheary01
687,John Klingberg,32,EDM,D,11,1,3,4,19,klingjo01
688,Tyson Barrie,33,CGY,D,13,1,2,3,19,barrity01
689,Elias Pettersson,20,VAN,D,28,1,2,3,19,petteel02
690,Mitchell Stephens,27,SEA,C,28,1,2,3,19,stephmi01
691,Scott Perunovich,26,2TM,D,35,2,7,9,18,perunsc01
692,Luca Del Bel Belluz,21,CBJ,C,15,2,6,8,18,delbelu01
693,Hendrix Lapierre,22,WSH,C,27,0,8,8,18,lapiehe01
694,Andre Lee,24,LAK,LW,19,1,2,3,18,leean02
695,Nicolas Aubé-Kubel,28,2TM,RW,22,1,1,2,18,aubekni01
696,Nolan Allan,21,CHI,D,43,1,7,8,17,allanno01
697,Matthew Kessel,24,STL,D,29,0,3,3,17,kessema01
698,Maveric Lamoureux,21,UTA,D,15,1,2,3,17,lamouma01
699,Andreas Englund,29,2TM,D,35,1,2,3,17,engluan01
700,Max Jones,26,2TM,LW,26,1,1,2,17,jonesma03
701,Matt Martin,35,NYI,LW,32,0,2,2,17,martima02
702,Noah Philp,26,EDM,F,15,0,2,2,17,philpno01
703,Joey Anderson,26,CHI,RW,18,0,1,1,17,anderjo08
704,Ryan Leonard,20,WSH,RW,9,1,0,1,17,leonary01
705,Oliver Kapanen,21,MTL,C,18,0,2,2,16,kapanol01
706,Cale Fleury,26,SEA,D,14,0,1,1,16,fleurca01
707,Daniil Gushchin,22,SJS,LW,12,0,1,1,16,gushcda01
708,Ville Koivunen,21,PIT,RW,8,0,7,7,15,koivuvi01
709,Anthony Mantha,30,CGY,RW,13,4,3,7,15,manthan01
710,Jordan Harris,24,CBJ,D,33,1,4,5,15,harrijo01
711,Lucas Carlsson,27,SJS,D,13,1,3,4,15,carlslu01
712,Owen Pickering,21,PIT,D,25,1,2,3,15,pickeow01
713,Spencer Stastney,25,NSH,D,23,0,3,3,15,stastsp01
714,Walker Duehr,27,2TM,F,24,2,1,3,15,duehrwa01
715,Patrick Giles,25,2TM,F,17,1,0,1,15,gilespa01
716,Ryan Winterton,21,SEA,C,12,0,1,1,15,wintery01
717,Ivan Miroshnichenko,20,WSH,LW,18,1,3,4,14,mirosiv01
718,Kevin Korchinski,20,CHI,D,16,1,1,2,14,korchke01
719,Ryan Reaves,38,TOR,RW,35,0,2,2,14,reavery01
720,Joshua Roy,21,MTL,RW,12,2,0,2,14,royjo01
721,Ty Smith,24,CAR,D,8,1,1,2,14,smithty01
722,Michael Pezzetta,26,MTL,C,25,0,0,0,14,pezzemi01
723,Austin Watson,33,DET,LW,13,3,0,3,13,watsoau01
724,Kailer Yamamoto,26,UTA,RW,12,2,1,3,13,yamamka01
725,Marc McLaughlin,25,2TM,F,14,2,1,3,13,mclauma01
726,Cole Reinhardt,24,OTT,LW,17,1,1,2,13,reinhco01
727,Emil Bemström,25,PIT,C,14,0,1,1,13,bemstem01
728,Jeff Malott,28,LAK,F,12,0,1,1,13,malotje01
729,Seamus Casey,21,NJD,D,14,4,4,8,12,caseyse01
730,Erik Gudbranson,33,CBJ,D,16,0,4,4,12,gudbrer01
731,Cameron Lund,20,SJS,C,11,2,1,3,12,lundca01
732,Callahan Burke,27,VEG,C,7,1,0,1,12,burkeca01
733,Ville Heinola,23,WPG,D,18,0,1,1,12,heinovi01
734,Jack St. Ivany,25,PIT,D,19,0,1,1,12,stivajo01
735,Tyson Kozak,22,BUF,C,21,3,2,5,11,kozakty01
736,Juha Jaaska,26,CAR,F,18,0,4,4,11,jaaskju01
737,Rutger McGroarty,20,PIT,RW,8,1,2,3,11,mcgroru01
738,Ben Hutton,31,VEG,D,11,0,2,2,11,huttobe01
739,Patrick Brown,32,BOS,C,15,0,1,1,11,brownpa02
740,Brendan Gaunce,30,MIN,C,12,0,1,1,11,gauncbr01
741,Calum Ritchie,20,COL,C,7,1,0,1,11,ritchca01
742,Jonas Røndbjerg,25,VEG,RW,13,0,0,0,11,rondbjo01
743,Olle Lycksell,25,PHI,RW,19,0,5,5,10,lycksol01
744,Logan Mailloux,21,MTL,D,7,2,2,4,10,mailllo01
745,Oliver Moore,20,CHI,C,9,0,4,4,10,mooreol01
746,Jimmy Snuggerud,20,STL,RW,7,1,3,4,10,snuggji01
747,Grant Hutton,29,NYI,D,13,0,2,2,10,huttogr01
748,Dylan McIlrath,32,WSH,D,17,0,2,2,10,mcilrdy01
749,Owen Beck,20,MTL,C,12,0,1,1,10,beckow01
750,Matěj Blümel,24,DAL,RW,7,1,0,1,10,blumema01
751,Bokondji Imama,28,PIT,LW,16,1,0,1,10,imamabo01
752,Joona Koppanen,26,PIT,LW,11,1,0,1,10,koppajo01
753,Ian Mitchell,26,BOS,D,15,0,1,1,10,mitchia01
754,Tobias Björnfot,23,FLA,D,14,0,0,0,10,bjornto01
755,Raphael Lavoie,24,VEG,C,9,0,0,0,10,lavoira01
756,Justin Kirkland,28,CGY,LW,21,2,6,8,9,kirklju01
757,Calle Järnkrok,33,TOR,C,19,1,6,7,9,jarnkca01
758,Dennis Gilbert,28,2TM,D,29,0,6,6,9,gilbede01
759,Ross Johnston,30,ANA,LW,43,1,3,4,9,johnsro02
760,David Jiříček,21,2TM,D,12,1,2,3,9,jiricda01
761,John Ludvig,24,COL,D,8,0,2,2,9,ludvijo01
762,Josh Brown,31,EDM,D,10,0,1,1,9,brownjo01
763,Michael Callahan,25,BOS,D,17,1,0,1,9,callami02
764,Angus Crookshank,25,OTT,LW,8,0,1,1,9,crookan01
765,Dylan Coghlan,26,WPG,D,6,0,0,0,9,coghldy01
766,Nils Åman,24,VAN,C,19,1,5,6,8,amanni01
767,Valtteri Puustinen,25,PIT,RW,13,2,1,3,8,puustva01
768,Robert Bortuzzo,35,UTA,D,17,0,2,2,8,borturo01
769,Jaret Anderson-Dolan,25,WPG,C,7,0,1,1,8,anderja01
770,Andreas Athanasiou,30,CHI,C,8,1,0,1,8,athanan01
771,Arshdeep Bains,24,VAN,F,13,1,0,1,8,bainsar01
772,Bradly Nadeau,19,CAR,LW,2,0,1,1,8,nadeabr01
773,Isak Rosen,21,BUF,RW,8,0,1,1,8,rosenis01
774,Matthew Wood,19,NSH,RW,6,0,1,1,8,woodma01
775,Maxwell Crozier,24,TBL,D,5,0,0,0,8,crozima01
776,Travis Dermott,28,2TM,D,19,0,0,0,8,dermotr01
777,Cam Dineen,26,EDM,D,4,0,0,0,8,dineeca01
778,Jere Innala,26,COL,F,17,0,0,0,8,innalje01
779,Joakim Kemell,20,NSH,RW,2,0,0,0,8,kemeljo01
780,Vasiliy Ponomarev,22,PIT,C,7,0,0,0,8,ponomva01
781,Luca Cagnoni,20,SJS,D,6,0,2,2,7,cagnolu01
782,Alex Steeves,25,TOR,F,7,1,1,2,7,steeval02
783,Georgii Merkulov,24,BOS,F,6,0,1,1,7,merkuge01
784,Alexander Alexeyev,25,WSH,D,8,0,0,0,7,alexeal01
785,Matt Benning,30,SJS,D,7,0,0,0,7,bennima01
786,Brendan Brisson,23,VEG,C,9,0,0,0,7,brissbr01
787,Kurtis MacDermid,30,NJD,LW,23,0,0,0,7,macdeku01
788,Oliver Kylington,27,2TM,D,19,1,4,5,6,kylinol01
789,Kyle Burroughs,29,LAK,D,33,0,3,3,6,burroky01
790,Nikita Chibrikov,21,WPG,RW,4,2,1,3,6,chibrni01
791,Tyler Johnson,34,BOS,C,9,0,2,2,6,johnsty01
792,Drake Caggiula,30,EDM,LW,7,0,1,1,6,caggidr01
793,Kevin Gravel,32,NSH,D,6,0,1,1,6,graveke01
794,Dakota Mermis,31,2TM,D,4,0,1,1,6,mermida01
795,Matthew Savoie,21,EDM,C,4,0,1,1,6,savoima01
796,Ilya Solovyov,24,CGY,D,5,0,1,1,6,solovil01
797,Samuel Honzek,20,CGY,LW,5,0,0,0,6,honzesa01
798,Caleb Jones,27,LAK,D,6,0,0,0,6,jonesca01
799,Tristan Luneau,21,ANA,D,6,0,0,0,6,luneatr01
800,Dryden Hunt,29,CGY,LW,5,0,3,3,5,huntdr01
801,Ivan Demidov,19,MTL,RW,2,1,1,2,5,demidiv01
802,Ethan Cardwell,22,SJS,RW,6,1,0,1,5,cardwet01
803,Lucas Condotta,27,MTL,F,7,1,0,1,5,condolu01
804,Nolan Foote,24,NJD,LW,7,0,1,1,5,footeno01
805,Helge Grans,22,PHI,D,6,0,1,1,5,granshe01
806,Arttu Hyry,23,DAL,F,5,0,1,1,5,hyryar01
807,William Lagesson,28,DET,D,7,0,1,1,5,lageswi01
808,Andrew Poturalski,31,SJS,C,3,0,1,1,5,poturan01
809,Dominik Shine,31,DET,F,9,0,1,1,5,shinedo01
810,T.J. Tynan,32,COL,C,9,0,1,1,5,tynant.01
811,Riley Duran,23,BOS,C,2,0,0,0,5,duranri01
812,Domenick Fensore,23,CAR,D,2,0,0,0,5,fensodo01
813,Jaycob Megna,32,FLA,D,8,0,0,0,5,megnaja02
814,Gabriel Perreault,19,NYR,RW,5,0,0,0,5,perrega01
815,Alexander Petrovic,32,DAL,D,5,0,0,0,5,petroal01
816,Givani Smith,26,2TM,RW,13,0,0,0,5,smithgi01
817,Clark Bishop,28,CGY,C,6,1,0,1,4,bishocl01
818,Ian Moore,23,ANA,D,3,0,1,1,4,mooreia01
819,Taylor Ward,26,LAK,F,1,1,0,1,4,wardta01
820,Ozzy Wiesblatt,22,NSH,RW,5,0,1,1,4,wiesboz01
821,Nathan Clurman,26,PIT,D,1,0,0,0,4,clurmna01
822,Karsen Dorwart,22,PHI,F,5,0,0,0,4,dorwaka01
823,Mark Friedman,29,VAN,D,5,0,0,0,4,friedma01
824,Ben Meyers,26,SEA,F,8,0,0,0,4,meyerbe01
825,Sonny Milano,28,WSH,LW,3,0,0,0,4,milanso01
826,Alexander Nylander,26,TOR,LW,5,0,0,0,4,nylanal01
827,Noah Ostlund,20,BUF,C,8,0,0,0,4,ostluno01
828,Nikita Prishchepov,20,COL,C,10,0,0,0,4,prishni01
829,Corey Schueneman,29,STL,D,4,0,0,0,4,schueco01
830,Jimmy Schuldt,29,SJS,D,8,0,0,0,4,schulja01
831,Matthew Stienburg,24,COL,C,8,0,0,0,4,stienma01
832,Rory Kerins,22,CGY,C,5,0,4,4,3,kerinro01
833,Justin Robidas,21,CAR,C,2,1,1,2,3,robidju01
834,Wyatt Aamodt,27,COL,D,2,1,0,1,3,aamodwy01
835,Sergei Bobrovsky,36,FLA,G,54,0,1,1,3,bobrose01
836,Declan Carlile,24,TBL,D,3,1,0,1,3,carlide01
837,Justin Hryckowian,23,DAL,F,5,0,1,1,3,hryckju01
838,Joseph LaBate,31,CBJ,C,6,0,1,1,3,labatjo01
839,Isaak Phillips,23,CHI,D,3,1,0,1,3,phillis01
840,Samuel Poulin,23,PIT,RW,7,0,1,1,3,poulisa01
841,Jacob Gaucher,23,PHI,F,4,0,0,0,3,gauchja01
842,Ryan Johnson,23,BUF,D,3,0,0,0,3,johnsry03
843,Nathan Legare,24,NJD,RW,3,0,0,0,3,legarna01
844,Jett Luchanko,18,PHI,F,4,0,0,0,3,luchaje01
845,Oskar Olausson,22,COL,RW,2,0,0,0,3,olausos01
846,Jason Polin,25,COL,F,2,0,0,0,3,polinja01
847,Conor Sheary,32,TBL,LW,5,0,0,0,3,shearco01
848,Jeffrey Viel,28,BOS,F,5,0,0,0,3,vielje01
849,Filip Gustavsson,26,MIN,G,58,1,1,2,2,gustafi01
850,Parker Ford,24,WPG,F,3,1,0,1,2,fordpa01
851,Mike Hardman,25,NJD,RW,2,0,1,1,2,hardmmi01
852,Tanner Laczynski,27,VEG,C,8,1,0,1,2,laczyta01
853,Zayne Parekh,18,CGY,D,1,1,0,1,2,parekza01
854,Justin Sourdif,22,FLA,RW,1,1,0,1,2,sourdju01
855,Rasmus Asplund,27,FLA,F,6,0,0,0,2,asplura01
856,Shane Bowers,25,NJD,C,4,0,0,0,2,bowersh01
857,Guillaume Brisebois,27,VAN,D,3,0,0,0,2,brisegu01
858,Frederic Brunet,21,BOS,D,1,0,0,0,2,brunefr01
859,Hunter Brzustewicz,20,CGY,D,1,0,0,0,2,brzushu01
860,Dalibor Dvorsky,19,STL,C,2,0,0,0,2,dvorsda01
861,Tye Felhaber,26,COL,F,5,0,0,0,2,felhaty01
862,Nikita Grebenkin,21,TOR,RW,7,0,0,0,2,grebeni01
863,Jani Hakanpää,32,TOR,D,2,0,0,0,2,hakanja01
864,Brian Halonen,26,NJD,F,2,0,0,0,2,halonbr01
865,Hayden Hodgson,28,OTT,RW,2,0,0,0,2,hodgsha01
866,Daemon Hunt,22,MIN,D,1,0,0,0,2,huntda01
867,Kirill Kudryavtsev,20,VAN,D,2,0,0,0,2,kudryki01
868,Jake Lucchini,29,NSH,F,3,0,0,0,2,lucchja01
869,Matthew Robertson,23,NYR,D,2,0,0,0,2,roberma02
870,Dominic Toninato,30,WPG,C,5,0,0,0,2,tonindo01
871,Tim Washe,23,ANA,F,2,0,0,0,2,washeti01
872,Pyotr Kochetkov,25,CAR,G,47,0,3,3,1,kochepy01
873,Alex Nedeljkovic,29,PIT,G,38,1,2,3,1,nedelal01
874,Joey Daccord,28,SEA,G,57,0,2,2,1,daccojo01
875,Michael Sgarbossa,32,WSH,C,3,1,1,2,1,sgarbmi01
876,Mackenzie Blackwood,28,2TM,G,56,0,1,1,1,blackma01
877,Skyler Brind'Amour,25,CAR,C,2,1,0,1,1,brindsk01
878,Dylan Duke,21,TBL,LW,2,1,0,1,1,dukedy01
879,John Farinacci,23,BOS,C,1,1,0,1,1,farinjo01
880,Brad Lambert,21,WPG,C,5,0,1,1,1,lambebr01
881,Sam Morton,,CGY,F,1,1,0,1,1,mortosa01
882,Ville Ottavainen,22,SEA,D,1,0,1,1,1,ottavvi01
883,Chad Ruhwedel,34,NYR,D,5,0,1,1,1,ruhwech01
884,Jack Ahcan,27,COL,D,2,0,0,0,1,ahcanja01
885,Jake Allen,34,NJD,G,31,0,0,0,1,allenja01
886,Thomas Bordeleau,23,SJS,C,1,0,0,0,1,bordeth01
887,Lukáš Dostál,24,ANA,G,54,0,0,0,1,dostalu01
888,Joshua Dunne,26,BUF,C,2,0,0,0,1,dunnejo01
889,Jack Finley,22,TBL,C,1,0,0,0,1,finleja01
890,Liam Foudy,24,NYI,C,2,0,0,0,1,foudyli01
891,Ryan Greene,21,CHI,C,2,0,0,0,1,greenry01
892,Quinn Hutson,23,EDM,F,2,0,0,0,1,hutsoqu01
893,Reese Johnson,26,MIN,F,3,0,0,0,1,johnsre01
894,Connor Mackey,28,NYR,D,2,0,0,0,1,mackeco01
895,Jacob Markström,35,NJD,G,49,0,0,0,1,marksja02
896,Ty Mueller,21,VAN,C,2,0,0,0,1,muellty01
897,Steven Santini,29,TBL,D,1,0,0,0,1,santist01
898,Arvid Söderblom,25,CHI,G,36,0,0,0,1,soderar01
899,Riley Stillman,26,CAR,D,5,0,0,0,1,stillri01
900,Aydar Suniev,20,CGY,LW,1,0,0,0,1,sunieay01
901,Riley Tufte,26,BOS,LW,6,0,0,0,1,tufteri01
902,Colin White,28,SJS,C,3,0,0,0,1,whiteco02
903,Ilya Sorokin,29,NYI,G,61,1,2,3,0,sorokil01
904,Dustin Wolf,23,CGY,G,53,0,3,3,0,wolfdu01
905,Connor Ingram,27,UTA,G,22,0,2,2,0,ingraco01
906,Spencer Knight,23,2TM,G,38,0,2,2,0,knighsp01
907,Linus Ullmark,31,OTT,G,44,0,2,2,0,ullmali01
908,Andrei Vasilevskiy,30,TBL,G,63,0,2,2,0,vasilan02
909,Frederik Andersen,35,CAR,G,22,0,1,1,0,anderfr01
910,Yaroslav Askarov,22,SJS,G,13,0,1,1,0,askarya01
911,Casey DeSmith,33,DAL,G,27,0,1,1,0,desmica01
912,Alexandar Georgiev,28,2TM,G,49,0,1,1,0,georgal01
913,John Gibson,31,ANA,G,29,0,1,1,0,gibsojo02
914,Connor Hellebuyck,31,WPG,G,63,0,1,1,0,helleco01
915,Joel Hofer,24,STL,G,31,0,1,1,0,hoferjo01
916,Tristan Jarry,29,PIT,G,36,0,1,1,0,jarrytr01
917,Matt Kiersted,26,FLA,D,2,0,1,1,0,kiersma01
918,Darcy Kuemper,34,LAK,G,50,0,1,1,0,kuempda01
919,Kevin Lankinen,29,VAN,G,51,0,1,1,0,lankike01
920,Ukko-Pekka Luukkonen,25,BUF,G,55,0,1,1,0,luukkuk01
921,Elvis Merzļikins,30,CBJ,G,53,0,1,1,0,merzlel01
922,Sam Montembeault,28,MTL,G,62,0,1,1,0,montesa01
923,Jake Oettinger,26,DAL,G,58,0,1,1,0,oettija01
924,Calvin Pickard,32,EDM,G,36,0,1,1,0,pickaca01
925,Jonathan Quick,39,NYR,G,24,0,1,1,0,quickjo01
926,Ilya Samsonov,27,VEG,G,29,0,1,1,0,samsoil01
927,Juuse Saros,29,NSH,G,58,0,1,1,0,sarosju01
928,Anthony Stolarz,31,TOR,G,34,0,1,1,0,stolaan01
929,Daniil Tarasov,25,CBJ,G,20,0,1,1,0,tarasda02
930,Logan Thompson,27,WSH,G,43,0,1,1,0,thomplo01
931,Vítek Vaněček,29,2TM,G,25,0,1,1,0,vanecvi01
932,Karel Vejmelka,28,UTA,G,58,0,1,1,0,vejmeka01
933,Daniel Vladař,27,CGY,G,30,0,1,1,0,vladada01
934,Justus Annunen,24,2TM,G,34,0,0,0,0,annunju01
935,Alex Barré-Boulet,27,MTL,F,2,0,0,0,0,barreal01
936,Jordan Binnington,31,STL,G,56,0,0,0,0,binnijo01
937,Joel Blomqvist,23,PIT,G,15,0,0,0,0,blomqjo01
938,Samuel Bolduc,24,NYI,D,1,0,0,0,0,boldusa01
939,Travis Boyd,31,MIN,C,3,0,0,0,0,boydtr01
940,Chase Bradley,23,COL,LW,2,0,0,0,0,bradlch01
941,Kyle Capobianco,27,DAL,D,1,0,0,0,0,capobky01
942,Drew Commesso,22,CHI,G,2,0,0,0,0,commedr01
943,Eric Comrie,29,WPG,G,20,0,0,0,0,comrier01
944,Pheonix Copley,33,LAK,G,1,0,0,0,0,copleph01
945,Sebastian Cossa,22,DET,G,1,0,0,0,0,cossase01
946,Cameron Crotty,25,MIN,D,1,0,0,0,0,crottca01
947,Nico Daws,24,NJD,G,6,0,0,0,0,dawsni01
948,Thatcher Demko,29,VAN,G,23,0,0,0,0,demkoth01
949,Grigori Denisenko,24,VEG,LW,1,0,0,0,0,denisgr01
950,Jakub Dobes,23,MTL,G,16,0,0,0,0,dobesja01
951,Louis Domingue,32,NYR,G,1,0,0,0,0,dominlo01
952,Samuel Ersson,25,PHI,G,47,0,0,0,0,erssosa01
953,Ivan Fedotov,28,PHI,G,26,0,0,0,0,fedotiv01
954,Marc-André Fleury,40,MIN,G,26,0,0,0,0,fleurma01
955,Anton Forsberg,32,OTT,G,30,0,0,0,0,forsban01
956,Julien Gauthier,27,NYI,RW,1,0,0,0,0,gauthju01
957,Adam Ginning,25,PHI,D,1,0,0,0,0,ginniad01
958,Jet Greaves,23,CBJ,G,11,0,0,0,0,greavje01
959,Philipp Grubauer,33,SEA,G,26,0,0,0,0,grubaph01
960,Robert Hägg,29,VEG,D,2,0,0,0,0,haggro01
961,Brandon Halverson,28,TBL,G,1,0,0,0,0,halvebr01
962,Rafaël Harvey-Pinard,26,MTL,LW,1,0,0,0,0,harvera01
963,Dennis Hildeby,23,TOR,G,6,0,0,0,0,hildede01
964,Adin Hill,28,VEG,G,50,0,0,0,0,hillad01
965,Marcus Högberg,30,NYI,G,15,0,0,0,0,hogbema01
966,Ville Husso,29,2TM,G,13,0,0,0,0,hussovi01
967,Jan Jeník,24,OTT,RW,2,0,0,0,0,jenikja01
968,Jonas Johansson,29,TBL,G,19,0,0,0,0,johanjo03
969,Kaapo Kähkönen,28,COL,G,1,0,0,0,0,kahkoka01
970,Devin Kaplan,21,PHI,RW,1,0,0,0,0,kaplade01
971,Niklas Kokko,20,SEA,G,1,0,0,0,0,kokkoni01
972,Aleksei Kolosov,23,PHI,G,17,0,0,0,0,kolosal01
973,Joonas Korpisalo,30,BOS,G,27,0,0,0,0,korpijo01
974,Tristan Lennox,22,NYI,G,1,0,0,0,0,lennotr01
975,Devon Levi,23,BUF,G,9,0,0,0,0,levide01
976,Charlie Lindgren,31,WSH,G,39,0,0,0,0,lindgch01
977,Alex Lyon,32,DET,G,30,0,0,0,0,lyonal01
978,James Malatesta,21,CBJ,LW,2,0,0,0,0,malatja01
979,Spencer Martin,29,CAR,G,9,0,0,0,0,martisp01
980,Carter Mazur,22,DET,LW,1,0,0,0,0,mazurca01
981,Jacob Melanson,21,SEA,RW,1,0,0,0,0,melanja01
982,Leevi Merilainen,22,OTT,G,12,0,0,0,0,merille01
983,Michael Milne,22,MIN,LW,1,0,0,0,0,milnemi01
984,Trent Miner,23,COL,G,2,0,0,0,0,minertr01
985,Daniil Misyul,24,NJD,D,1,0,0,0,0,misyuda01
986,Mason Morelli,28,VEG,F,1,0,0,0,0,morelma01
987,Petr Mrázek,32,2TM,G,38,0,0,0,0,mrazepe01
988,Brett Murray,26,BUF,LW,3,0,0,0,0,murrabr02
989,Matt Murray,30,TOR,G,2,0,0,0,0,murrama02
990,Victor Ostman,24,SEA,G,1,0,0,0,0,ostmavi01
991,Yaniv Perets,24,CAR,G,1,0,0,0,0,peretya01
992,Erik Portillo,24,LAK,G,1,0,0,0,0,portier01
993,Cayden Primeau,25,MTL,G,11,0,0,0,0,primeca01
994,Jacob Quillan,22,TOR,F,1,0,0,0,0,quillja01
995,James Reimer,36,2TM,G,24,0,0,0,0,reimeja01
996,David Rittich,32,LAK,G,34,0,0,0,0,rittida01
997,Olivier Rodrigue,24,EDM,G,2,0,0,0,0,rodriol01
998,Georgi Romanov,25,SJS,G,8,0,0,0,0,romange01
999,Scott Sabourin,32,SJS,F,1,0,0,0,0,sabousc01
1000,Akira Schmid,24,VEG,G,5,0,0,0,0,schmiak01
1001,Donovan Sebrango,23,OTT,D,2,0,0,0,0,sebrado01
1002,Hunter Shepard,29,WSH,G,1,0,0,0,0,shepahu01
1003,Igor Shesterkin,29,NYR,G,61,0,0,0,0,shestig01
1004,Owen Sillinger,27,CBJ,F,1,0,0,0,0,silliow01
1005,Arturs Silovs,23,VAN,G,10,0,0,0,0,silovar01
1006,Jakub Skarek,25,NYI,G,2,0,0,0,0,skareja01
1007,Stuart Skinner,26,EDM,G,51,0,0,0,0,skinnst01
1008,Jaxson Stauber,25,UTA,G,6,0,0,0,0,staubja01
1009,Clay Stevenson,25,WSH,G,1,0,0,0,0,stevecl01
1010,Ales Stezka,28,SEA,G,1,0,0,0,0,stezkal01
1011,Ryan Suzuki,23,CAR,C,2,0,0,0,0,suzukry01
1012,Jeremy Swayman,26,BOS,G,58,0,0,0,0,swaymje01
1013,Mads Søgaard,24,OTT,G,2,0,0,0,0,sogaama01
1014,Cam Talbot,37,DET,G,47,0,0,0,0,talboca01
1015,Dustin Tokarski,35,CAR,G,6,0,0,0,0,tokardu01
1016,Nikita Tolopilo,24,VAN,G,2,0,0,0,0,tolopni01
1017,Ryan Ufko,21,NSH,D,1,0,0,0,0,ufkory01
1018,Semyon Varlamov,36,NYI,G,10,0,0,0,0,varlasi01
1019,Matt Villalta,25,UTA,G,1,0,0,0,0,villama01
1020,Jesper Wallstedt,22,MIN,G,2,0,0,0,0,wallsje01
1021,Scott Wedgewood,32,2TM,G,24,0,0,0,0,wedgesc01
1022,Jack Williams,,CBJ,F,1,0,0,0,0,willija02
1023,Joseph Woll,26,TOR,G,42,0,0,0,0,wolljo01
,League Average,,,,,,,,,-9999


Provided by <a href="https://www.sports-reference.com/sharing.html?utm_source=direct&utm_medium=Share&utm_campaign=ShareTool">Hockey-Reference.com</a>: <a href="https://www.hockey-reference.com/leagues/NHL_2025_skaters.html?sr&utm_source=direct&utm_medium=Share&utm_campaign=ShareTool#player_stats">View Original Table</a><br>Generated 10/29/2025.